[
  {
    "name": "5/10골든상승10전거150이상",
    "combo": [
      {
        "comboObj": {
          "name": "5/20골든크로스",
          "combo": [
            {
              "key": "ma_cross",
              "label": "이평선 크로스",
              "op": "상향돌파",
              "value": {
                "ma1": "5",
                "ma2": "20"
              },
              "unit": ""
            }
          ]
        },
        "op": ""
      },
      {
        "comboObj": {
          "name": "상승률10%이상",
          "combo": [
            {
              "key": "return",
              "label": "상승률",
              "op": ">",
              "value": "10",
              "unit": "%"
            }
          ]
        },
        "op": "AND"
      },
      {
        "comboObj": {
          "name": "전일대비거래량150%이상",
          "combo": [
            {
              "key": "volume_change_rate",
              "label": "전일대비 거래량(%)",
              "op": ">",
              "value": "150",
              "unit": "%"
            }
          ]
        },
        "op": "AND"
      }
    ]
  },
  {
    "name": "상승률10%이상",
    "combo": [
      {
        "comboObj": {
          "name": "상승률10%이상",
          "combo": [
            {
              "key": "return",
              "label": "상승률",
              "op": ">",
              "value": "10",
              "unit": "%"
            }
          ]
        },
        "op": ""
      }
    ]
  },
  {
    "name": "5-20골든상승10전거150이상",
    "combo": [
      {
        "comboObj": {
          "name": "5/20골든크로스",
          "combo": [
            {
              "key": "ma_cross",
              "label": "이평선 크로스",
              "op": "상향돌파",
              "value": {
                "ma1": "5",
                "ma2": "20"
              },
              "unit": ""
            }
          ]
        },
        "op": ""
      },
      {
        "comboObj": {
          "name": "상승률10%이상",
          "combo": [
            {
              "key": "return",
              "label": "상승률",
              "op": ">",
              "value": "10",
              "unit": "%"
            }
          ]
        },
        "op": "AND"
      },
      {
        "comboObj": {
          "name": "전일대비거래량150%이상",
          "combo": [
            {
              "key": "volume_change_rate",
              "label": "전일대비 거래량(%)",
              "op": ">",
              "value": "150",
              "unit": "%"
            }
          ]
        },
        "op": "AND"
      }
    ]
  },
  {
    "name": "전거50",
    "combo": [
      {
        "comboObj": {
          "name": "전일대비거래량50%이상",
          "combo": [
            {
              "key": "volume_change_rate",
              "label": "전일대비 거래량(%)",
              "op": ">",
              "value": "50",
              "unit": "%"
            }
          ]
        },
        "op": ""
      }
    ]
  },
  {
    "name": "거래대금10억이상",
    "combo": [
      {
        "comboObj": {
          "name": "거래대금10억",
          "combo": [
            {
              "key": "volume",
              "label": "거래대금",
              "op": ">",
              "value": "1000000000",
              "unit": "₩"
            }
          ]
        },
        "op": ""
      }
    ]
  },
  {
    "name": "5/20골든크로스",
    "combo": [
      {
        "comboObj": {
          "name": "5/20골든크로스",
          "combo": [
            {
              "key": "ma_cross",
              "label": "이평선 크로스",
              "op": "상향돌파",
              "value": {
                "ma1": "5",
                "ma2": "20"
              },
              "unit": ""
            }
          ]
        },
        "op": "AND"
      }
    ]
  }
]