[
  {
    "name": "거래대금10억",
    "combo": [
      {
        "key": "volume",
        "label": "거래대금",
        "op": ">",
        "value": "1000000000",
        "unit": "₩"
      }
    ]
  },
  {
    "name": "5/20골든크로스",
    "combo": [
      {
        "key": "ma_cross",
        "label": "이평선 크로스",
        "op": "상향돌파",
        "value": {
          "ma1": "5",
          "ma2": "20"
        },
        "unit": ""
      }
    ]
  },
  {
    "name": "상승률10%이상",
    "combo": [
      {
        "key": "return",
        "label": "상승률",
        "op": ">",
        "value": "10",
        "unit": "%"
      }
    ]
  },
  {
    "name": "전일대비거래량150%이상",
    "combo": [
      {
        "key": "volume_change_rate",
        "label": "전일대비 거래량(%)",
        "op": ">",
        "value": "150",
        "unit": "%"
      }
    ]
  },
  {
    "name": "전일대비거래량50%이상",
    "combo": [
      {
        "key": "volume_change_rate",
        "label": "전일대비 거래량(%)",
        "op": ">",
        "value": "50",
        "unit": "%"
      }
    ]
  },
  {
    "name": "RSI30이하",
    "combo": [
      {
        "key": "rsi",
        "label": "RSI(14)",
        "op": "<",
        "value": "30",
        "unit": ""
      }
    ]
  },
  {
    "name": "전일대비거래량300이상",
    "combo": [
      {
        "key": "volume_change_rate",
        "label": "전일대비 거래량(%)",
        "op": ">",
        "value": "300",
        "unit": "%"
      }
    ]
  },
  {
    "name": "전일대비거래량500이상",
    "combo": [
      {
        "key": "volume_change_rate",
        "label": "전일대비 거래량(%)",
        "op": ">",
        "value": "500",
        "unit": "%"
      }
    ]
  }
]